model,short,recall_at_10,recall_lo,recall_hi,clir_at_10,clir_lo,clir_hi,molir_at_10,molir_lo,molir_hi,home_adv,home_adv_lo,home_adv_hi,clir_at_100,recall_at_100
google/embeddinggemma-300m,embeddinggemma,0.5437956204379562,0.46715328467153283,0.6216545012165451,0.5024330900243309,0.4209245742092457,0.5827250608272506,0.6666666666666666,0.543859649122807,0.7894736842105263,0.21929824561403508,0.12280701754385964,0.32456140350877194,0.7007299270072993,0.7238442822384428
BAAI/bge-m3,bge-m3,0.4756690997566909,0.40145985401459855,0.551094890510949,0.43673965936739656,0.35766423357664234,0.5145985401459854,0.5964912280701754,0.47368421052631576,0.7192982456140351,0.22807017543859648,0.13157894736842105,0.3333333333333333,0.6204379562043796,0.6605839416058394
Qwen/Qwen3-Embedding-0.6B,qwen3-0.6B,0.46836982968369834,0.39294403892944035,0.5437956204379562,0.43309002433090027,0.35523114355231145,0.5134124087591236,0.5614035087719298,0.43859649122807015,0.6842105263157895,0.19298245614035087,0.08771929824561403,0.30701754385964913,0.632603406326034,0.6836982968369829
nomic-ai/nomic-embed-text-v2-moe,nomic-v2-moe,0.4428223844282238,0.36982968369829683,0.5145985401459854,0.38077858880778587,0.30535279805352794,0.45742092457420924,0.6666666666666666,0.543859649122807,0.7894736842105263,0.34210526315789475,0.21052631578947367,0.47368421052631576,0.6253041362530413,0.6642335766423357
ibm-granite/granite-embedding-278m-multilingual,granite-278m,0.35888077858880785,0.28832116788321166,0.4306569343065693,0.3284671532846715,0.25669099756690994,0.4038929440389294,0.45614035087719296,0.3333333333333333,0.5789473684210527,0.16666666666666666,0.07894736842105263,0.2631578947368421,0.6009732360097323,0.6009732360097323
sentence-transformers/LaBSE,LaBSE,0.2773722627737226,0.21532846715328466,0.33941605839416056,0.2384428223844282,0.17518248175182483,0.3029197080291971,0.40350877192982454,0.2807017543859649,0.5263157894736842,0.21052631578947367,0.08771929824561403,0.3333333333333333,0.42944038929440387,0.46715328467153283
cambridgeltl/SapBERT-UMLS-2020AB-all-lang-from-XLMR,SapBERT,0.21167883211678834,0.15571776155717762,0.27250608272506077,0.17883211678832114,0.12165450121654502,0.23965936739659363,0.3157894736842105,0.19298245614035087,0.43859649122807015,0.17543859649122806,0.05263157894736842,0.2982456140350877,0.389294403892944,0.4245742092457421
intfloat/multilingual-e5-large-instruct,e5-large-instruct,0.17761557177615572,0.13138686131386862,0.22627737226277372,0.07664233576642336,0.0364963503649635,0.12043795620437957,0.631578947368421,0.5087719298245614,0.7543859649122807,0.5526315789473685,0.42105263157894735,0.6754385964912281,0.22992700729927007,0.34306569343065696
Alibaba-NLP/gte-multilingual-base,gte-base,0.0036496350364963502,0.0,0.010948905109489052,0.0,0.0,0.0,0.017543859649122806,0.0,0.05263157894736842,0.017543859649122806,0.0,0.05263157894736842,0.0,0.01824817518248175
