model,pub_recall10,pub_recall10_ci,concept_recall10,cross_lingual_rbo,rbo_ci,confusion_concept,confusion_publication,separability_auc,MRS,MRS_ci,accuracy_rank,MRS_rank
embeddinggemma,0.67,"[0.60,0.74]",0.081,0.387,"[0.33,0.45]",0.068,0.144,0.695,0.991,"[0.86,1.00]",1,1
qwen3-0.6B,0.641,"[0.57,0.71]",0.064,0.349,"[0.29,0.41]",0.129,0.227,0.669,0.902,"[0.77,0.96]",2,2
bge-m3,0.604,"[0.53,0.68]",0.054,0.288,"[0.23,0.35]",0.129,0.237,0.657,0.813,"[0.69,0.88]",3,3
LaBSE,0.511,"[0.44,0.58]",0.056,0.314,"[0.25,0.38]",0.25,0.295,0.655,0.779,"[0.63,0.85]",6,4
granite-278m,0.529,"[0.45,0.60]",0.056,0.289,"[0.24,0.34]",0.182,0.318,0.655,0.757,"[0.61,0.84]",5,5
nomic-v2-moe,0.58,"[0.51,0.65]",0.057,0.239,"[0.19,0.29]",0.106,0.215,0.649,0.727,"[0.60,0.83]",4,6
SapBERT,0.352,"[0.28,0.42]",0.05,0.142,"[0.10,0.18]",0.295,0.424,0.617,0.494,"[0.32,0.60]",7,7
e5-large-instruct,0.237,"[0.19,0.29]",0.029,0.021,"[0.01,0.04]",0.28,0.481,0.61,0.239,"[0.17,0.36]",8,8
gte-base,0.047,"[0.03,0.07]",0.006,0.003,"[0.00,0.01]",0.515,0.782,0.564,0.0,"[0.00,0.13]",9,9
