model,short,mean_overrep,mean_foreign_share,mean_entropy,clir_at_10
google/embeddinggemma-300m,embeddinggemma,3.9297719199240135,0.5814885496183206,1.3131576848195865,0.5413486005089059
BAAI/bge-m3,bge-m3,3.699281818610334,0.6444656488549618,1.1626692037635198,0.46437659033078876
Qwen/Qwen3-Embedding-0.6B,qwen3-0.6B,3.1077704972968987,0.6152671755725191,1.2874549082081774,0.45069974554707376
nomic-ai/nomic-embed-text-v2-moe,nomic-v2-moe,5.992007161660417,0.5198473282442748,1.1741959067933159,0.4095101781170483
ibm-granite/granite-embedding-278m-multilingual,granite-278m,4.833935649236134,0.6835877862595421,1.5173296613791027,0.38994910941475824
sentence-transformers/LaBSE,LaBSE,1.9313205735694778,0.7435114503816794,1.2169501329697219,0.2708333333333333
cambridgeltl/SapBERT-UMLS-2020AB-all-lang-from-XLMR,SapBERT,2.9938358369862823,0.6204198473282443,1.2206368033633115,0.19720101781170482
intfloat/multilingual-e5-large-instruct,e5-large-instruct,16.24712937923247,0.03396946564885496,0.1187038647622994,0.09446564885496184
Alibaba-NLP/gte-multilingual-base,gte-base,10.786584762599855,0.2522900763358779,0.41342698278748685,0.0
