id,n_latin_types,maps_to_chebi,zh_fixable,fully_fixable,example_fixable_terms
WO-2025216023-A1_zh,1,0,0,False,
WO-2024019637-A1_zh,11,0,0,False,
WO-2021215962-A1_zh,7,0,0,False,
MX-2025009867-A_zh,9,2,2,False,antagonist; fulvestrant
MX-2025004735-A_zh,1,0,0,False,
EP-4634124-A1_zh,8,0,0,False,
WO-2025206143-A1_zh,3,0,0,False,
WO-2025186644-A8_zh,2,2,2,True,Polyvinyl alcohol
EP-4584229-A1_zh,45,10,6,False,aromatics; carboxylic acid; epoxide; polyamines; vinyl
EP-4577666-A1_zh,2,0,0,False,
EP-4633583-A1_zh,6,0,0,False,
MX-2025010613-A_zh,1,0,0,False,
WO-2025203822-A1_zh,5,0,0,False,
WO-2025212049-A1_zh,2,2,2,True,ibuprofen; paracetamol
MX-2025008102-A_zh,1,0,0,False,
WO-2025216937-A1_zh,4,0,0,False,
WO-2025206130-A1_zh,1,0,0,False,
WO-2025188579-A8_zh,5,1,1,False,protein
WO-2025210609-A1_zh,2,0,0,False,
WO-2024072262-A1_zh,1,0,0,False,
EP-4504821-A1_zh,11,0,0,False,
MX-2025005856-A_zh,15,0,0,False,
WO-2025129311-A1_zh,5,0,0,False,
EP-4634119-A1_zh,3,0,0,False,
EP-4633462-A1_zh,2,0,0,False,
WO-2025170405-A1_zh,6,0,0,False,
EP-4633669-A2_zh,4,0,0,False,
WO-2025132504-A1_zh,3,1,1,False,diamine
WO-2025212234-A1_zh,1,0,0,False,
WO-2023068958-A1_zh,5,1,0,False,
EP-4623047-A1_zh,3,0,0,False,
WO-2025205793-A1_zh,8,0,0,False,
MX-2025001018-A_zh,11,1,1,False,inhibitor
WO-2025170033-A1_zh,3,0,0,False,
WO-2025007163-A1_zh,5,3,3,False,elemental sulphur; sulphur; urea
WO-2025215002-A1_zh,3,1,1,False,Rubber
WO-2025213573-A1_zh,1,0,0,False,
WO-2025158935-A1_zh,8,0,0,False,
WO-2025209205-A1_zh,4,0,0,False,
MX-2025007600-A_zh,17,1,1,False,protein
EP-4627113-A1_zh,27,3,3,False,cytosine; nucleobases; uracil
MX-2025010275-A_zh,4,0,0,False,
EP-4630368-A1_zh,2,0,0,False,
EP-4633960-A1_zh,4,1,0,False,
WO-2025170482-A1_zh,5,2,0,False,
WO-2024063632-A1_zh,16,5,5,False,ammonium; sulphuric acid; uranium; zinc
WO-2025188872-A8_zh,15,2,1,False,protein
MX-2025006041-A_zh,1,0,0,False,
WO-2025164618-A1_zh,7,0,0,False,
MX-2025008847-A_zh,4,0,0,False,
WO-2023128801-A1_zh,1,0,0,False,
WO-2025216711-A1_zh,14,0,0,False,
WO-2025212762-A1_zh,1,0,0,False,
WO-2025215476-A1_zh,5,0,0,False,
MX-2025006489-A_zh,10,0,0,False,
WO-2021215960-A1_zh,5,2,2,False,carbon dioxide
MX-2025006080-A_zh,3,0,0,False,
WO-2025170306-A1_zh,20,0,0,False,
WO-2023200364-A1_zh,11,0,0,False,
WO-2025216105-A1_zh,9,0,0,False,
WO-2025206959-A1_zh,4,0,0,False,
MX-2025009598-A_zh,1,0,0,False,
WO-2025095807-A1_zh,17,2,1,False,fillers
EP-4626593-A1_zh,8,0,0,False,
MX-2025010354-A_zh,2,1,1,False,ethane
WO-2025073021-A1_zh,1,0,0,False,
WO-2025183515-A1_zh,5,1,1,False,Ethylene
MX-2025008929-A_zh,5,0,0,False,
WO-2025068022-A1_zh,12,0,0,False,
WO-2025216492-A1_zh,6,1,0,False,
EP-4634379-A1_zh,2,0,0,False,
EP-4562111-A1_zh,19,1,1,False,methane
WO-2024073831-A1_zh,1,0,0,False,
MX-2025010051-A_zh,15,5,3,False,amide; benzotriazole; siloxane
MX-2025004821-A_zh,3,0,0,False,
EP-4634148-A1_zh,8,1,1,False,ligand
EP-4630558-A2_zh,2,0,0,False,
WO-2025211301-A1_zh,2,0,0,False,
WO-2025187134-A8_zh,3,0,0,False,
EP-4584402-A1_zh,2,0,0,False,
EP-4577789-A1_zh,1,0,0,False,
EP-4633613-A1_zh,3,2,1,False,montelukast
MX-2025009666-A_zh,10,3,1,False,Ethylene
WO-2025204148-A1_zh,2,0,0,False,
WO-2025212655-A1_zh,12,1,0,False,
WO-2025207822-A1_zh,2,0,0,False,
MX-2025008259-A_zh,2,0,0,False,
WO-2025217308-A1_zh,6,0,0,False,
WO-2025186837-A8_zh,4,2,1,False,uridine
MX-2025009841-A_zh,17,1,0,False,
WO-2025188899-A8_zh,1,0,0,False,
WO-2025211235-A1_zh,1,0,0,False,
WO-2024123214-A1_zh,9,2,0,False,
EP-4504829-A1_zh,11,0,0,False,
WO-2025187167-A8_zh,3,3,3,True,hemicellulose; lignin; saccharides
WO-2025132391-A1_zh,28,0,0,False,
WO-2024119253-A1_zh,7,1,1,False,phosphate
MX-2025005711-A_zh,5,0,0,False,
MX-2025009399-A_zh,4,0,0,False,
WO-2025127968-A3_zh,8,0,0,False,
EP-4634142-A1_zh,15,2,2,False,propionic acid
EP-4633584-A1_zh,4,0,0,False,
WO-2025173723-A1_zh,4,0,0,False,
EP-4633735-A1_zh,6,0,0,False,
WO-2025159134-A1_zh,22,7,6,False,acrylic acid; benzoyl group; ether; urethane
WO-2025144083-A1_zh,2,0,0,False,
WO-2025212772-A1_zh,1,0,0,False,
WO-2023128829-A1_zh,1,0,0,False,
EP-4623055-A1_zh,21,8,6,False,methacrylic acid; oxide; saccharide; sulfate; vinyl
WO-2025192747-A1_zh,12,0,0,False,
MX-2025001644-A_zh,1,0,0,False,
WO-2025173342-A1_zh,5,0,0,False,
EP-4630253-A1_zh,6,0,0,False,
WO-2025206977-A1_zh,29,0,0,False,
WO-2025215400-A1_zh,16,4,3,False,carbon dioxide; carbon monoxide
WO-2025214437-A1_zh,8,3,1,False,antagonist
MX-2025007733-A_zh,16,0,0,False,
EP-4623104-A1_zh,8,1,1,False,oligonucleotide
MX-2025010447-A_zh,8,0,0,False,
WO-2024259508-A1_zh,12,0,0,False,
EP-4630382-A1_zh,1,0,0,False,
MX-2025010829-A_zh,8,1,1,False,phenyl
EP-4634118-A1_zh,6,0,0,False,
WO-2025173788-A1_zh,4,0,0,False,
WO-2024123205-A1_zh,4,0,0,False,
WO-2025189151-A8_zh,6,2,0,False,
MX-2025006143-A_zh,1,0,0,False,
WO-2025168371-A1_zh,4,0,0,False,
WO-2025154992-A1_zh,2,0,0,False,
MX-2025008957-A_zh,4,0,0,False,
WO-2023200363-A1_zh,13,4,3,False,Polyethylene glycol; phospholipid
WO-2025217208-A1_zh,6,0,0,False,
EP-4627344-A2_zh,1,0,0,False,
WO-2025213136-A1_zh,1,0,0,False,
MX-2025006561-A_zh,16,0,0,False,
WO-2025205911-A1_zh,6,0,0,False,
WO-2021251847-A1_zh,20,1,1,False,Magnesium
MX-2025006204-A_zh,28,1,1,False,ketone
WO-2025195176-A1_zh,8,0,0,False,
WO-2025173660-A1_zh,5,1,1,False,Vanadium
WO-2025216545-A1_zh,5,0,0,False,
WO-2025207482-A1_zh,3,1,1,False,curcumin
MX-2025009759-A_zh,3,1,1,False,agonist
WO-2025103937-A1_zh,1,0,0,False,
EP-4626606-A1_zh,15,1,0,False,
MX-2025010525-A_zh,6,0,0,False,
EP-4584547-A1_zh,1,0,0,False,
WO-2025080163-A1_zh,11,4,3,False,Aluminium; hafnium; yttrium
WO-2025184953-A8_zh,7,0,0,False,
WO-2023214897-A1_zh,13,6,4,False,Carbamide; ammonium; oxalic acid
WO-2025208217-A1_zh,12,0,0,False,
MX-2025009198-A_zh,6,1,0,False,
WO-2025183194-A1_zh,10,0,0,False,
WO-2025216797-A1_zh,9,2,1,False,agonist
WO-2025192625-A1_zh,13,1,0,False,
WO-2023149795-A1_zh,2,0,0,False,
MX-2025004823-A_zh,8,1,1,False,bendamustine
WO-2022015194-A1_zh,3,0,0,False,
WO-2025207825-A1_zh,1,0,0,False,
WO-2023096535-A1_zh,7,1,1,False,essence
WO-2025210677-A1_zh,14,5,4,False,Rubber; neodymium; silica; styrene
WO-2025210569-A1_zh,3,0,0,False,
WO-2025184743-A8_zh,3,0,0,False,
MX-2025009739-A_zh,13,0,0,False,
MX-2025004748-A_zh,14,0,0,False,
WO-2025204469-A1_zh,9,4,3,False,carbon dioxide; methane
EP-4631325-A1_zh,4,0,0,False,
EP-4634329-A1_zh,16,3,1,False,Polypropylene
MX-2025005555-A_zh,9,1,0,False,
MX-2025005963-A_zh,6,0,0,False,
WO-2025187161-A8_zh,4,0,0,False,
WO-2025212041-A1_zh,4,0,0,False,
EP-4626995-A1_zh,12,5,1,False,dicyanodiamide
WO-2025177948-A1_zh,1,0,0,False,
WO-2025211949-A1_zh,3,0,0,False,
WO-2025207077-A1_zh,4,0,0,False,
EP-4519355-A1_zh,3,0,0,False,
EP-4634598-A1_zh,1,0,0,False,
WO-2025216629-A1_zh,1,0,0,False,
WO-2025132390-A1_zh,5,0,0,False,
EP-4634382-A1_zh,3,0,0,False,
WO-2025016896-A3_zh,5,0,0,False,
WO-2025187773-A8_zh,5,0,0,False,
MX-2025005858-A_zh,8,0,0,False,
WO-2025189168-A8_zh,6,1,1,False,mRNA
EP-4496826-A1_zh,7,3,1,False,ether
WO-2025203816-A1_zh,3,0,0,False,
MX-2025006958-A_zh,3,0,0,False,
WO-2025204325-A1_zh,1,0,0,False,
EP-4634265-A1_zh,19,4,1,False,detergent
WO-2025215139-A1_zh,7,1,1,False,aldehyde
WO-2025031622-A1_zh,4,0,0,False,
WO-2025216427-A1_zh,3,1,0,False,
MX-2025008260-A_zh,8,0,0,False,
WO-2025169953-A1_zh,8,4,3,False,carbon dioxide; carbon monoxide
MX-2025006064-A_zh,1,0,0,False,
WO-2025206111-A1_zh,16,4,3,False,1-butene; Ethylene; Polystyrene; propylene
WO-2025205743-A1_zh,1,0,0,False,
EP-1627088-A1_zh,2,0,0,False,
WO-2025212375-A1_zh,2,0,0,False,
WO-2025103928-A3_zh,3,0,0,False,
WO-2025202347-A1_zh,2,0,0,False,
EP-4547808-A1_zh,1,0,0,False,
EP-4634390-A2_zh,11,0,0,False,
EP-4626848-A1_zh,4,1,1,False,fertilizer
WO-2025208228-A1_zh,5,1,1,False,urea
EP-4630245-A1_zh,2,0,0,False,
EP-4630522-A1_zh,2,0,0,False,
WO-2025202165-A1_zh,9,0,0,False,
EP-4627120-A1_zh,12,0,0,False,
WO-2025205843-A1_zh,15,2,2,False,Chromium; scandium
MX-2025002183-A_zh,5,0,0,False,
WO-2025200478-A1_zh,1,0,0,False,
MX-2025006292-A_zh,2,0,0,False,
WO-2023153953-A1_zh,2,0,0,False,
WO-2025205599-A1_zh,1,0,0,False,
WO-2025212979-A1_zh,5,1,1,False,benzyl
WO-2025187202-A1_zh,2,0,0,False,
MX-2025009144-A_zh,1,0,0,False,
WO-2025206106-A1_zh,4,0,0,False,
MX-2025008379-A_zh,2,0,0,False,
WO-2025068587-A1_zh,7,0,0,False,
WO-2025169901-A1_zh,4,0,0,False,
WO-2025187920-A8_zh,5,3,2,False,Rubber; nitrile
WO-2025205035-A1_zh,9,0,0,False,
WO-2025189017-A8_zh,3,0,0,False,
ES-3035119-A1_zh,2,0,0,False,
WO-2022045916-A1_zh,5,1,1,False,chitosan
EP-4627005-A1_zh,9,2,2,False,Ethylene; propylene
EP-4551644-A1_zh,2,0,0,False,
WO-2025211171-A1_zh,2,0,0,False,
WO-2025207160-A1_zh,1,0,0,False,
MX-2025010611-A_zh,5,0,0,False,
EP-4507657-A1_zh,2,0,0,False,
EP-4627325-A1_zh,11,1,1,False,fluorocarbons
WO-2025215647-A1_zh,2,0,0,False,
EP-4626879-A1_zh,6,0,0,False,
EP-4584035-A1_zh,7,0,0,False,
WO-2025119472-A1_zh,16,1,1,False,urea
EP-4627245-A1_zh,1,0,0,False,
MX-2025011277-A_zh,2,0,0,False,
WO-2025202104-A1_zh,1,0,0,False,
MX-2025009335-A_zh,5,0,0,False,
WO-2025206105-A1_zh,6,3,3,False,adenosine; nucleotides; oligonucleotide
MX-2025003750-A_zh,4,0,0,False,
WO-2025208970-A1_zh,1,0,0,False,
WO-2025209988-A1_zh,4,2,2,False,cytostatic; mRNA
WO-2025200062-A1_zh,9,1,1,False,capsanthin
WO-2021225467-A1_zh,11,0,0,False,
WO-2025200089-A1_zh,7,1,1,False,Iron
WO-2025185710-A8_zh,2,0,0,False,
MX-2025007577-A_zh,10,0,0,False,
EP-4633632-A1_zh,5,1,0,False,GLP-1
EP-4633759-A1_zh,2,0,0,False,
WO-2025187622-A8_zh,5,0,0,False,
WO-2025154762-A1_zh,1,0,0,False,
WO-2025187235-A8_zh,14,0,0,False,
WO-2025197823-A1_zh,6,0,0,False,
EP-4626532-A1_zh,5,0,0,False,
WO-2025217110-A1_zh,3,1,0,False,
EP-4626928-A2_zh,7,0,0,False,
WO-2025131900-A1_zh,9,1,1,False,ether
EP-4634323-A1_zh,9,0,0,False,
WO-2022055397-A1_zh,11,0,0,False,
MX-2025007669-A_zh,3,2,0,False,
MX-2025007552-A_zh,3,0,0,False,
WO-2025205979-A1_zh,7,0,0,False,
WO-2025188853-A8_zh,16,2,1,False,protein
MX-2025004837-A_zh,3,0,0,False,
MX-2025007237-A_zh,14,3,2,False,methoxy; pectin
WO-2024128940-A1_zh,5,2,2,False,acetic acid
WO-2025195675-A1_zh,6,1,0,False,
WO-2025188373-A8_zh,3,1,1,False,phthalimide
EP-4633801-A1_zh,10,0,0,False,
WO-2025217466-A1_zh,7,0,0,False,
WO-2025206147-A1_zh,13,1,1,False,maleimide
EP-4532594-A1_zh,3,1,0,False,
EP-4633598-A1_zh,3,0,0,False,
WO-2025185656-A8_zh,12,0,0,False,
WO-2025201469-A1_zh,1,0,0,False,
MX-2025009300-A_zh,4,1,0,False,
EP-4626866-A1_zh,1,1,0,False,
MX-2025006272-A_zh,5,2,2,False,peptide; proteins
WO-2025173520-A1_zh,11,0,0,False,
EP-4493403-A1_zh,1,0,0,False,
WO-2025181830-A3_zh,2,0,0,False,
WO-2023158340-A1_zh,7,1,1,False,alumina
WO-2025190808-A1_zh,1,0,0,False,
WO-2024207083-A1_zh,9,1,0,False,
WO-2025187188-A8_zh,2,0,0,False,
WO-2025207414-A1_zh,18,5,2,False,hydrocarbon; mineral
WO-2025202209-A1_zh,18,0,0,False,
MX-2025005677-A_zh,4,2,2,False,Magnesium; zinc
MX-2025007532-A_zh,3,0,0,False,
WO-2025026803-A1_zh,24,11,8,False,(-)-propylene oxide; aldehyde; epoxides; oxide; phosphonic acid; polyamine
MX-2025009603-A_zh,2,0,0,False,
EP-4626860-A1_zh,12,0,0,False,
WO-2025210166-A1_zh,13,1,1,False,protein
EP-4626833-A2_zh,15,4,2,False,ammonium; urea
EP-4626382-A1_zh,13,0,0,False,
WO-2025210643-A1_zh,3,0,0,False,
WO-2025200809-A1_zh,1,0,0,False,
WO-2025203966-A1_zh,3,0,0,False,
MX-2025005792-A_zh,2,0,0,False,
