model,short,K_star,RRC_at_Kstar,L_inf,RRC_at_100,RRC_at_1000,lost_at_1000_ref,clir_at_10,degenerate_clir
google/embeddinggemma-300m,embeddinggemma,5,0.4818,0.0584,0.7445,0.9416,0.0584,0.5024,False
BAAI/bge-m3,bge-m3,5,0.438,0.1095,0.7007,0.8905,0.1095,0.4367,False
Qwen/Qwen3-Embedding-0.6B,qwen3-0.6B,10,0.4964,0.073,0.6861,0.927,0.073,0.4331,False
nomic-ai/nomic-embed-text-v2-moe,nomic-v2-moe,2,0.3139,0.0876,0.6861,0.9124,0.0876,0.3808,False
ibm-granite/granite-embedding-278m-multilingual,granite-278m,20,0.4526,0.146,0.6496,0.854,0.146,0.3285,False
sentence-transformers/LaBSE,LaBSE,20,0.3504,0.1606,0.5401,0.8394,0.1606,0.2384,False
cambridgeltl/SapBERT-UMLS-2020AB-all-lang-from-XLMR,SapBERT,20,0.292,0.2263,0.4599,0.7737,0.2263,0.1788,False
intfloat/multilingual-e5-large-instruct,e5-large-instruct,30,0.1387,0.3723,0.2847,0.6277,0.3723,0.0766,True
Alibaba-NLP/gte-multilingual-base,gte-base,100,0.0,0.9124,0.0,0.0876,0.9124,0.0,True
