model,short,rbo,lo,hi,home_adv,clir_at_10
google/embeddinggemma-300m,embeddinggemma,0.1796140330801926,0.1229131398452842,0.240999472494343,0.1673202614379085,0.5413486005089059
BAAI/bge-m3,bge-m3,0.15489314560403114,0.09296609202318958,0.2289641547751518,0.2235294117647059,0.46437659033078876
Qwen/Qwen3-Embedding-0.6B,qwen3-0.6B,0.1616595882307676,0.10180051006812368,0.2332973842646811,0.22156862745098038,0.45069974554707376
nomic-ai/nomic-embed-text-v2-moe,nomic-v2-moe,0.1450374259435961,0.08294611989818175,0.2209552580103811,0.29477124183006537,0.4095101781170483
ibm-granite/granite-embedding-278m-multilingual,granite-278m,0.16198652716097137,0.10205333723057447,0.23471054169980163,0.12418300653594773,0.38994910941475824
sentence-transformers/LaBSE,LaBSE,0.14591667483993845,0.0935136785893197,0.2116461417569963,0.1477124183006536,0.2708333333333333
cambridgeltl/SapBERT-UMLS-2020AB-all-lang-from-XLMR,SapBERT,0.10581242676275907,0.06386750018551615,0.1555996796366668,0.1888888888888889,0.19720101781170482
intfloat/multilingual-e5-large-instruct,e5-large-instruct,0.0069520422675073525,0.0022833436852134825,0.013248931010608277,0.6039215686274509,0.09446564885496184
Alibaba-NLP/gte-multilingual-base,gte-base,0.0028380048132332926,0.0009374517691577338,0.0057882479963304225,0.023529411764705882,0.0
