model,short,n_cross,n_same,cross_censored_frac,same_censored_frac,D50_same,D75_same,D90_same,D95_same,D50_cross,D75_cross,D90_cross,D95_cross,XRC50,XRC50_censored,XRC75,XRC75_censored,XRC90,XRC90_censored,XRC95,XRC95_censored,clir_at_10
google/embeddinggemma-300m,embeddinggemma,524,261,0.0725,0.0383,1.0,16.0,245.0,632.0,5.0,70.0,567.0,inf,5.0,False,4.375,False,2.314,False,1.582,True,0.5413
BAAI/bge-m3,bge-m3,524,261,0.1031,0.046,2.0,32.0,419.0,914.0,7.0,157.0,inf,inf,3.5,False,4.906,False,2.387,True,1.094,True,0.4644
Qwen/Qwen3-Embedding-0.6B,qwen3-0.6B,524,261,0.0935,0.0536,2.0,36.0,300.0,inf,9.0,118.0,911.0,inf,4.5,False,3.278,False,3.037,False,,True,0.4507
nomic-ai/nomic-embed-text-v2-moe,nomic-v2-moe,524,261,0.1183,0.0268,2.0,28.0,148.0,414.0,12.0,190.0,inf,inf,6.0,False,6.786,False,6.757,True,2.415,True,0.4095
ibm-granite/granite-embedding-278m-multilingual,granite-278m,524,261,0.1546,0.1303,5.0,164.0,inf,inf,16.0,266.0,inf,inf,3.2,False,1.622,False,,True,,True,0.3899
sentence-transformers/LaBSE,LaBSE,524,261,0.2042,0.1648,25.0,345.0,inf,inf,47.0,659.0,inf,inf,1.88,False,1.91,False,,True,,True,0.2708
cambridgeltl/SapBERT-UMLS-2020AB-all-lang-from-XLMR,SapBERT,524,261,0.2691,0.1916,63.0,626.0,inf,inf,184.0,inf,inf,inf,2.921,False,1.597,True,,True,,True,0.1972
intfloat/multilingual-e5-large-instruct,e5-large-instruct,524,261,0.3244,0.0268,2.0,17.0,192.0,345.0,323.0,inf,inf,inf,161.5,False,58.824,True,5.208,True,2.899,True,0.0945
Alibaba-NLP/gte-multilingual-base,gte-base,524,261,0.9485,0.7126,inf,inf,inf,inf,inf,inf,inf,inf,,True,,True,,True,,True,0.0
