rank,model_name,evaluation_time_seconds,output_dir,main_score,recall_at_10,recall_at_20,recall_at_50,recall_at_100,map_at_10,map_at_20,map_at_50,map_at_100,map,ndcg_at_10,ndcg_at_20,ndcg_at_50,ndcg_at_100,mrr_at_10,hit_rate_at_10,hit_rate_at_100,same_language_irrelevant_share_at_10,same_language_irrelevant_share_at_20,same_language_irrelevant_share_at_50,same_language_irrelevant_share_at_100,same_language_irrelevant_share_at_100_lang_de,same_language_irrelevant_share_at_100_lang_en,same_language_irrelevant_share_at_100_lang_es,same_language_irrelevant_share_at_100_lang_fr,same_language_irrelevant_share_at_100_lang_pt,same_language_irrelevant_share_at_100_lang_zh,accuracy,hit_rate_at_1,hit_rate_at_1000,hit_rate_at_20,hit_rate_at_3,hit_rate_at_5,map_at_1,map_at_1000,map_at_3,map_at_5,mrr_at_1,mrr_at_100,mrr_at_1000,mrr_at_20,mrr_at_3,mrr_at_5,nauc_map_at_1000_diff1,nauc_map_at_1000_max,nauc_map_at_1000_std,nauc_map_at_100_diff1,nauc_map_at_100_max,nauc_map_at_100_std,nauc_map_at_10_diff1,nauc_map_at_10_max,nauc_map_at_10_std,nauc_map_at_1_diff1,nauc_map_at_1_max,nauc_map_at_1_std,nauc_map_at_20_diff1,nauc_map_at_20_max,nauc_map_at_20_std,nauc_map_at_3_diff1,nauc_map_at_3_max,nauc_map_at_3_std,nauc_map_at_5_diff1,nauc_map_at_5_max,nauc_map_at_5_std,nauc_mrr_at_1000_diff1,nauc_mrr_at_1000_max,nauc_mrr_at_1000_std,nauc_mrr_at_100_diff1,nauc_mrr_at_100_max,nauc_mrr_at_100_std,nauc_mrr_at_10_diff1,nauc_mrr_at_10_max,nauc_mrr_at_10_std,nauc_mrr_at_1_diff1,nauc_mrr_at_1_max,nauc_mrr_at_1_std,nauc_mrr_at_20_diff1,nauc_mrr_at_20_max,nauc_mrr_at_20_std,nauc_mrr_at_3_diff1,nauc_mrr_at_3_max,nauc_mrr_at_3_std,nauc_mrr_at_5_diff1,nauc_mrr_at_5_max,nauc_mrr_at_5_std,nauc_ndcg_at_1000_diff1,nauc_ndcg_at_1000_max,nauc_ndcg_at_1000_std,nauc_ndcg_at_100_diff1,nauc_ndcg_at_100_max,nauc_ndcg_at_100_std,nauc_ndcg_at_10_diff1,nauc_ndcg_at_10_max,nauc_ndcg_at_10_std,nauc_ndcg_at_1_diff1,nauc_ndcg_at_1_max,nauc_ndcg_at_1_std,nauc_ndcg_at_20_diff1,nauc_ndcg_at_20_max,nauc_ndcg_at_20_std,nauc_ndcg_at_3_diff1,nauc_ndcg_at_3_max,nauc_ndcg_at_3_std,nauc_ndcg_at_5_diff1,nauc_ndcg_at_5_max,nauc_ndcg_at_5_std,nauc_precision_at_1000_diff1,nauc_precision_at_1000_max,nauc_precision_at_1000_std,nauc_precision_at_100_diff1,nauc_precision_at_100_max,nauc_precision_at_100_std,nauc_precision_at_10_diff1,nauc_precision_at_10_max,nauc_precision_at_10_std,nauc_precision_at_1_diff1,nauc_precision_at_1_max,nauc_precision_at_1_std,nauc_precision_at_20_diff1,nauc_precision_at_20_max,nauc_precision_at_20_std,nauc_precision_at_3_diff1,nauc_precision_at_3_max,nauc_precision_at_3_std,nauc_precision_at_5_diff1,nauc_precision_at_5_max,nauc_precision_at_5_std,nauc_recall_at_1000_diff1,nauc_recall_at_1000_max,nauc_recall_at_1000_std,nauc_recall_at_100_diff1,nauc_recall_at_100_max,nauc_recall_at_100_std,nauc_recall_at_10_diff1,nauc_recall_at_10_max,nauc_recall_at_10_std,nauc_recall_at_1_diff1,nauc_recall_at_1_max,nauc_recall_at_1_std,nauc_recall_at_20_diff1,nauc_recall_at_20_max,nauc_recall_at_20_std,nauc_recall_at_3_diff1,nauc_recall_at_3_max,nauc_recall_at_3_std,nauc_recall_at_5_diff1,nauc_recall_at_5_max,nauc_recall_at_5_std,ndcg_at_1,ndcg_at_1000,ndcg_at_3,ndcg_at_5,precision_at_1,precision_at_10,precision_at_100,precision_at_1000,precision_at_20,precision_at_3,precision_at_5,recall_at_1,recall_at_1000,recall_at_3,recall_at_5
1,google/embeddinggemma-300m,326.99570989608765,reports/runs/chem_patents/parts/google-embeddinggemma-300m/google__embeddinggemma-300m/64614b0b8b64f0c6c1e52b07e4e9a4e8fe4d2da2,0.5438,0.5438,0.59854,0.66545,0.72384,0.40197,0.40855,0.41256,0.41381,0.41457,0.46136,0.47916,0.49649,0.50883,0.4786293592862937,0.62044,0.79562,0.43297,0.4038,0.37307,0.35677,0.17215,0.62469,0.2737,0.6281,,0.0499,0.18005,0.40146,0.9562,0.67153,0.54015,0.57664,0.18005,0.41457,0.34996,0.38469,0.40145985401459855,0.48567065835139006,0.4865281819272262,0.48287620732876224,0.4635036496350366,0.4726277372262775,0.34636604409309,0.4422777469058057,-0.06796154946256097,0.34599470033901164,0.44247946668769733,-0.06749622267461898,0.34506385933097,0.4399228157524499,-0.07850913884416214,0.4140143193665543,0.38927942459734743,-0.05482778102904993,0.3509816926449018,0.44289670091430383,-0.07212895307713223,0.35276523504677315,0.4091356282502327,-0.07553101031281853,0.3431587806105531,0.4315741645783024,-0.08872188555592087,0.3985164060135648,0.43275117364510585,-0.0983009912094631,0.3983717119848665,0.43308378295959665,-0.09756341710112706,0.39552733859164174,0.4293494720249846,-0.10283227583229465,0.46996809395237704,0.3970137728327215,-0.08881411586465987,0.40234751711420047,0.43444965995533663,-0.10167525312662919,0.397150257430133,0.4235149392384463,-0.1168506867856318,0.3952420289858237,0.4300765110010384,-0.11336780267632572,0.3268182805828589,0.4591603787315075,-0.03282856247205797,0.31623284269037216,0.46716427579651315,-0.023276070790385867,0.33085375559953173,0.4578040975636935,-0.07632667547796124,0.46996809395237704,0.3970137728327215,-0.08881411586465987,0.3490558671490963,0.4700834410653951,-0.05983185502215987,0.3408748193137739,0.4189655847768004,-0.0875748117838062,0.32922576756505584,0.44506942911999825,-0.0979753899195648,-0.010643625395891818,0.10520015960320528,0.20596159469375255,0.10752391469007568,0.39872363709484915,0.16733163797033657,0.2661919440246965,0.42811056111176193,-0.0633060121442593,0.46996809395237704,0.3970137728327215,-0.08881411586465987,0.29450407530624095,0.44524869492489605,-0.007953602842837238,0.30987261513282893,0.3981520590388976,-0.10380131294038515,0.2777930940817512,0.42342237001450794,-0.11026342832502165,0.004684342607699955,0.5678356756514528,0.5532434429207069,0.12172130764365072,0.5496427895661797,0.23543350667550966,0.2592270702524476,0.5034383888651008,-0.05021525108895432,0.4140143193665543,0.38927942459734743,-0.05482778102904993,0.31026625258282803,0.5445916359441494,0.008865700279069327,0.279226280946106,0.4305039559137408,-0.07638766761211647,0.2518873214606768,0.4684832574846422,-0.09922340126128686,0.40146,0.54143,0.39188,0.43381,0.40146,0.12263,0.01642,0.00216,0.06715,0.29927,0.21606,0.18005,0.92336,0.40146,0.48054
2,BAAI/bge-m3,606.5371446609497,reports/runs/chem_patents/parts/baai-bge-m3/BAAI__bge-m3/5617a9f61b028005a4858fdac845db406aefb181,0.47567,0.47567,0.52555,0.62287,0.66058,0.32946,0.33481,0.34003,0.34082,0.34158,0.39063,0.40656,0.43155,0.43923,0.4090198123044838,0.58394,0.78832,0.34099,0.31527,0.28702,0.276,0.10578,0.71488,0.10674,0.40898,,0.04464,0.14355,0.32847,0.93431,0.64234,0.46715,0.49635,0.14355,0.34158,0.28832,0.31162,0.3284671532846715,0.41664966973423617,0.4171864046333322,0.41295783077663717,0.3905109489051095,0.39890510948905106,0.37101622254772404,0.4788915247864566,0.08118412847334207,0.3702092600581327,0.4786585615533306,0.08016284147455452,0.3773941438629065,0.480694919323087,0.07808567930925299,0.4165405569188268,0.46573372322601064,0.0721222207672282,0.371223336704784,0.4796096093917966,0.07719381076676579,0.3982609281810211,0.4802610725045184,0.08928735423443598,0.377128654841589,0.4802138305933171,0.08421751858420871,0.3502680759833924,0.4453030296304001,0.043256620565260424,0.34999846508795085,0.44480846695155896,0.042531972545275694,0.35179143446083055,0.4444659151289443,0.038922832618843335,0.4452133046856502,0.491705105379558,0.06267276659270128,0.34923158611895666,0.4431508088254407,0.04035662586195523,0.3541526320053278,0.44437421413076383,0.04038814254549852,0.35310101404433664,0.44282733839538807,0.03744611718240049,0.33079134380946135,0.45644273211195985,0.09987668272035503,0.32117825485011897,0.44784917339055075,0.07095399263206013,0.3420977568332757,0.4538668682322606,0.05466382276826799,0.4452133046856502,0.491705105379558,0.06267276659270128,0.32558085513683915,0.4505544057255587,0.05744786156189041,0.3719111236279461,0.4546089457590048,0.07028961041070393,0.34578631649703195,0.45122624677253514,0.06418342403534033,0.1125111794352888,0.20620344608345556,0.35480588832245263,0.178692593117401,0.3143161266245068,0.0922754382054818,0.2910439467830698,0.3964027998841199,0.028071582597248304,0.4452133046856502,0.491705105379558,0.06267276659270128,0.23665269924507754,0.37547006720524817,0.03712513364487182,0.36401686542749007,0.41878073236007257,0.05646664945899663,0.3133379194116752,0.40661513810691957,0.0427413074931205,0.13604152553080848,0.4451432341393959,0.48045937897280344,0.16893575176101014,0.37635124457808383,0.08603041523674208,0.2728492538656638,0.416523231763359,0.024704035647549305,0.4165405569188268,0.46573372322601064,0.0721222207672282,0.21455451148408833,0.40627123472754184,0.03765477179112033,0.3375558426602408,0.4212096576046225,0.06345413563996147,0.2810251362059878,0.4028355120038156,0.048373988224135855,0.32847,0.47077,0.32781,0.35754,0.32847,0.10803,0.01504,0.00201,0.05949,0.25791,0.17956,0.14355,0.86131,0.33942,0.39781
3,Qwen/Qwen3-Embedding-0.6B,441.44175577163696,reports/runs/chem_patents/parts/qwen-qwen3-embedding-0-6b/Qwen__Qwen3-Embedding-0.6B/b22da495047858cce924d27d76261e96be6febc0,0.46837,0.46837,0.51946,0.62287,0.6837,0.33307,0.33829,0.34312,0.34467,0.34551,0.39037,0.40618,0.43179,0.4446,0.41326613370409004,0.57664,0.78832,0.37693,0.35343,0.34107,0.32573,0.2145,0.3388,0.17309,0.86571,,0.01938,0.15815,0.35036,0.9781,0.62774,0.43796,0.50365,0.15815,0.34551,0.28589,0.31095,0.35036496350364965,0.42007295888304047,0.42085072473233465,0.41622698957928683,0.38929440389294406,0.4035279805352799,0.1710388960578397,0.4403740954657847,-0.003312366912295867,0.17040401522571177,0.4405277385565961,-0.0030700221960451367,0.1708002755257705,0.43968977907554013,-0.010499959041774998,0.17846527404718476,0.35561893426596786,-0.052698733024838816,0.17240765591959956,0.4390515834069483,-0.008130317102181569,0.18235180494340641,0.4284312189190872,0.0027271687746972632,0.17742854092767552,0.4503526433529633,0.009689467414623005,0.18193704689981577,0.41795985239323413,-0.0374003904342134,0.181978931299373,0.41816709898688814,-0.0372106753263296,0.1826531707123788,0.4174761515559594,-0.04382831981549673,0.1925773831384465,0.3790761479896612,-0.04358775606832352,0.18127525138728873,0.41749644183291856,-0.04104969437884027,0.19019260875856991,0.4332147767792537,-0.023535379830045812,0.18264770581693182,0.41577695479670007,-0.033108325519050255,0.166862944820836,0.44539552703129354,0.00887248609217499,0.15712098203754601,0.44628685631654363,0.008949832226171642,0.15897199364339634,0.4396045264725941,-0.031930652825151236,0.1925773831384465,0.3790761479896612,-0.04358775606832352,0.16067793146709095,0.43875435305436405,-0.02246858490815941,0.1824311480946834,0.4421053901958361,0.0016882392478255275,0.17298725134516454,0.45440660504195546,0.002925020730893632,0.11797967874987883,0.18410785807636268,0.19614365848461143,0.0883341503445202,0.38147963583852296,0.11701981206689777,0.11030779972945796,0.40486015325536623,-0.04033914224583187,0.1925773831384465,0.3790761479896612,-0.04358775606832352,0.11062005460142932,0.40303204860725506,-0.013108485221104681,0.17400111597974324,0.4576465811843297,0.022554537569996255,0.15295431308827503,0.45833344489102446,0.03176363175663788,0.11641896658996999,0.5200415350143159,0.35416588336921645,0.083384616002853,0.460604383175854,0.1228624327421564,0.11168409877029982,0.4409392684105349,-0.0634099612274219,0.17846527404718476,0.35561893426596786,-0.052698733024838816,0.11652232138237935,0.4384699402820974,-0.035399083129034704,0.1735509704135323,0.4623918485648137,0.016515719664850152,0.1477420303884022,0.46804364533261134,0.016453720092352724,0.35036,0.48124,0.31803,0.35369,0.35036,0.10657,0.01555,0.00214,0.05876,0.23601,0.17372,0.15815,0.91241,0.31387,0.382
4,nomic-ai/nomic-embed-text-v2-moe,312.3660635948181,reports/runs/chem_patents/parts/nomic-ai-nomic-embed-text-v2-moe/nomic-ai__nomic-embed-text-v2-moe/1066b6599d099fbb93dfcb64f9c37a7c9e503e85,0.44282,0.44282,0.47932,0.60462,0.66423,0.33538,0.34005,0.34637,0.348,0.34931,0.3907,0.40263,0.43436,0.44673,0.4378432394855753,0.56934,0.77372,0.46274,0.42485,0.38628,0.35177,0.24905,0.58053,0.22196,0.62147,,0.06669,0.15937,0.35766,0.94891,0.59854,0.50365,0.52555,0.15937,0.34931,0.30819,0.32461,0.35766423357664234,0.44470271605606293,0.44536229200863575,0.43967163507738866,0.427007299270073,0.4321167883211679,0.32026782609650756,0.4661991866874175,0.058397775263407,0.31968499768447295,0.46539309622279207,0.058158973321322555,0.32446461606448573,0.462395915097698,0.05188496594491039,0.3595237951998436,0.4737958371508262,0.0837508983495215,0.32269450784248094,0.45949536271133923,0.050181335531283434,0.3198998152750783,0.4789996823408931,0.07477997084773365,0.3260991807208876,0.46740983907039063,0.05611311641557499,0.3909793549249913,0.5097341461808711,0.08879548894037782,0.3909933189679497,0.5096694487574234,0.08905201155108032,0.3882250971643986,0.5061977804372636,0.08533723132388742,0.4410601292752074,0.5129609609908894,0.09139856832020765,0.39107861972414504,0.506208079908905,0.08441712663150859,0.39485293524913756,0.5176969180123844,0.08761685813521859,0.39546023393262847,0.5091609395041847,0.08527367483194283,0.3230570596741828,0.49833698728813436,0.10248213982038469,0.3094643948633647,0.48049115158059064,0.09078312048873932,0.32435507249943085,0.4633776752092781,0.051331826691676324,0.4410601292752074,0.5129609609908894,0.09139856832020765,0.32236515994521153,0.45840107819353115,0.049073731307968695,0.3269842586626502,0.48863288009575695,0.07488734879424741,0.3332958667621653,0.4735478160782515,0.055960497014369955,0.29278462346459455,0.41677695335508946,0.34520627036072454,0.24226786985401919,0.40904177798954344,0.17475973535509237,0.3263974307236545,0.4146030948560384,0.016871674967917964,0.4410601292752074,0.5129609609908894,0.09139856832020765,0.32398005743847996,0.4017378624026026,0.009632398303144923,0.3419501421472391,0.4884242526034672,0.06523743280730486,0.34963516584951104,0.45745440276122074,0.030810944064003865,0.19839702296365783,0.7086321871912319,0.5011086848725911,0.16760976489538656,0.45851163974431314,0.20408406208120644,0.25894750377998577,0.4099801794012482,0.02151928606772412,0.3595237951998436,0.4737958371508262,0.0837508983495215,0.24691663770355518,0.39147057373661487,0.019551411479052528,0.2769405588749073,0.47050536288440475,0.06297064040618755,0.2879563201971669,0.4390257678999702,0.029563438931231898,0.35766,0.47928,0.35006,0.3709,0.35766,0.1,0.01504,0.00201,0.05401,0.26764,0.1781,0.15937,0.86861,0.35401,0.39416
5,ibm-granite/granite-embedding-278m-multilingual,56.74122452735901,reports/runs/chem_patents/parts/ibm-granite-granite-embedding-278m-multilingual/ibm-granite__granite-embedding-278m-multilingual/84e3546b88b0cb69f8078608a1df558020bcbf1f,0.35888,0.35888,0.41849,0.5292,0.60097,0.27265,0.27999,0.28643,0.28834,0.2898,0.31662,0.33569,0.36458,0.38001,0.3579162321863052,0.45255,0.66423,0.28297,0.27352,0.25173,0.24292,0.16378,0.49378,0.15119,0.3289,,0.06842,0.1399,0.32117,0.89051,0.49635,0.37956,0.40876,0.1399,0.2898,0.24574,0.26296,0.32116788321167883,0.3653483795918135,0.3662223728345285,0.3608274865252109,0.34549878345498786,0.3520681265206812,0.2316293036674685,0.4880039718648628,0.1845683907717616,0.23160637794145214,0.48798598522435493,0.18449507515970465,0.234151531916421,0.49038271576474385,0.17692693146524824,0.27907830833744607,0.45134660966660295,0.24180661183994132,0.23162161928652067,0.48375197823974925,0.17107419128985585,0.20133232762351508,0.5057005289470584,0.18492569987880456,0.2186115905845746,0.4936538506291556,0.1848575742279217,0.2866713806571212,0.4746333822505969,0.22436362778224486,0.28642514324876267,0.47453539760447583,0.22481069664259284,0.28961389086704237,0.4742862650051468,0.21583768475604126,0.32148697124197934,0.46920717181873656,0.2586671480681213,0.28957618923096445,0.4740902669577955,0.21789231529670697,0.298249910041255,0.4843836074372573,0.22046179701968574,0.2870853563774466,0.4788469476783427,0.22410152833451932,0.23432732208444076,0.4813260277046854,0.23385165025103455,0.22680285201865286,0.4788647120780305,0.2267552398373178,0.2479135067365629,0.4824279611147578,0.17481546675406612,0.32148697124197934,0.46920717181873656,0.2586671480681213,0.2414679829297257,0.4688999438578993,0.16410534695993853,0.21626674080296174,0.5011603878977651,0.1861990739103306,0.22624303124350914,0.49112363761642486,0.1924393652496255,0.19991888237690786,0.3057355557768258,0.42390584124483127,0.17416167497457968,0.38811037987318003,0.33195135804078446,0.26364727090331636,0.45152411827233174,0.13564567393563007,0.32148697124197934,0.46920717181873656,0.2586671480681213,0.2450399414568005,0.40759698404369177,0.10829072846503979,0.1861466772827837,0.5031618346472213,0.16261246933742882,0.21358988495162237,0.4739745145158002,0.17253155728790734,0.1440863919826199,0.4626499599943456,0.5186373053366337,0.1287588064306891,0.45261343103742097,0.3523817820241438,0.23391307588000865,0.46661854189906543,0.13391056270213778,0.27907830833744607,0.45134660966660295,0.24180661183994132,0.20851189043701832,0.4174652565583173,0.09672244036756925,0.17098839443372565,0.505483102751785,0.1637063518507428,0.18995294511511768,0.4942170589447696,0.1785359865735672,0.32117,0.41165,0.27671,0.29726,0.32117,0.08175,0.01387,0.00188,0.04745,0.20438,0.14161,0.1399,0.80414,0.27372,0.31144
6,sentence-transformers/LaBSE,133.41985750198364,reports/runs/chem_patents/parts/sentence-transformers-labse/sentence-transformers__LaBSE/e34fab64a3011d2176c99545a93d5cbddc9a91b7,0.27737,0.27737,0.31873,0.40998,0.46715,0.18176,0.18643,0.19054,0.19202,0.19314,0.22808,0.24158,0.26539,0.27747,0.26364268335071256,0.41606,0.62774,0.25511,0.24743,0.24694,0.2402,0.262,0.1731,0.12362,0.61901,,0.01105,0.09489,0.20438,0.88321,0.45255,0.30657,0.35036,0.09489,0.19314,0.16018,0.16857,0.20437956204379562,0.2710186975189996,0.27211916159455035,0.26608011817865834,0.24452554744525543,0.25510948905109493,0.35561900197302443,0.1971858305581987,0.17578207481543992,0.35624498917019953,0.19667511163777077,0.1746504359521972,0.34880300584084584,0.19323916927609774,0.1704155118150492,0.3479176487774277,0.20525472748911772,0.16699264332217367,0.3542355304180058,0.19942259082725053,0.1740672944284559,0.3795527124103109,0.19653166277108033,0.18003918801149849,0.37265241693811374,0.1948361551862748,0.18035006339940085,0.33944011289295767,0.26845643281744896,0.14854451729708304,0.33928254177981176,0.2686578921584194,0.14807774917136787,0.3375265800153853,0.27313074360527156,0.14144752722922035,0.37138965420803477,0.2269004137462812,0.14386215569508218,0.33714429351762076,0.2690803028014825,0.1469324454481329,0.3503241597367303,0.26357452878403465,0.14478917371353311,0.3520095836807538,0.2829084754792251,0.14946000420795827,0.32910577412547926,0.22129706840868815,0.19799046267255557,0.3346831320197453,0.2191201681447013,0.18374013919042542,0.31340945897482514,0.22326944873023644,0.16129956069660945,0.37138965420803477,0.2269004137462812,0.14386215569508218,0.32364631990461096,0.22853565114341864,0.17577301253598737,0.3627858916449842,0.22292930092074034,0.1841312252230362,0.35689822084707096,0.23571557782564595,0.18049637915599132,0.2204397517411486,0.17102814099588853,0.2695675109727949,0.30848395848661764,0.198131972349357,0.2047135385552886,0.24682251913483821,0.23550613159796288,0.13577058810046166,0.37138965420803477,0.2269004137462812,0.14386215569508218,0.28011029279598487,0.24012949805746053,0.17617842120906232,0.3686732868085872,0.25542801720208547,0.19408525090432185,0.35500936475588807,0.28239308031025556,0.1875162330685433,0.22210569415043815,0.1785585910097169,0.30360244142101045,0.27424082593206095,0.17944494615952863,0.2108069986818502,0.22408424425178708,0.20599290630528672,0.15142530490984032,0.3479176487774277,0.20525472748911772,0.16699264332217367,0.24444248015522546,0.2126700269545356,0.1859613380954348,0.3479025240695201,0.22114144517547146,0.2142673415477239,0.33334187819950456,0.2454669460839689,0.20234640177727345,0.20438,0.32184,0.18852,0.20282,0.20438,0.06204,0.01088,0.00177,0.03613,0.13869,0.09635,0.09489,0.74818,0.18856,0.21655
7,cambridgeltl/SapBERT-UMLS-2020AB-all-lang-from-XLMR,329.2245442867279,reports/runs/chem_patents/parts/cambridgeltl-sapbert-umls-2020ab-all-lang-from-xlmr/no_model_name__available/no_revision_available,0.21168,0.21168,0.26156,0.35158,0.42457,0.14211,0.14834,0.15269,0.15448,0.15484,0.17585,0.19229,0.2155,0.23055,0.19987834549878347,0.31387,0.53285,0.36335,0.34695,0.33406,0.32314,0.27519,0.67395,0.16725,0.46534,,0.01788,0.07786,0.16788,0.82482,0.34307,0.19708,0.21898,0.07786,0.15484,0.1251,0.13039,0.1678832116788321,0.2075872918428243,0.2087707266224181,0.20209620063634665,0.1812652068126521,0.18637469586374697,0.4340352060891446,0.3843508608469985,-0.05972592522910618,0.4350586161914224,0.38465631909604225,-0.06156766289646208,0.4326036702199013,0.37784396466776,-0.05678911432649368,0.44649183129658265,0.4540792865221658,-0.07948521245996615,0.43148145149241374,0.38580564606506557,-0.06708849469454221,0.4481580648288268,0.40917919559353744,-0.050732881217860376,0.4571600977230126,0.3841032444880814,-0.053659081420245794,0.4235106163339437,0.371071720753877,-0.0906601630554648,0.4233318907815885,0.3711412867875114,-0.0911686658240491,0.4199635639784206,0.3711452739984378,-0.09605181227728313,0.4568549905186041,0.4077947259407232,-0.09461740380827544,0.42492341814772916,0.37028923935385283,-0.0963991226914666,0.44957863508860585,0.38093418476278323,-0.10068398751588868,0.44438377762007436,0.3717474733432871,-0.0982732355208095,0.38093725749323,0.3621040252581451,-0.019390485401084342,0.4063428945548616,0.36515748593833325,-0.05934864917845923,0.40325757299583587,0.3626071743104796,-0.06435371942642452,0.4568549905186041,0.4077947259407232,-0.09461740380827544,0.40596622251214654,0.3753647543112802,-0.08474124934256688,0.44934872822118077,0.39547476561337586,-0.06338459552903247,0.4561425490446289,0.36807321788511754,-0.06447364936343189,0.09736251499300393,0.1301960830440652,0.23915593012924533,0.31270887482201515,0.24182477632540145,-0.042491999176543054,0.3537954436508003,0.2843192219408285,-0.05812896284077697,0.4568549905186041,0.4077947259407232,-0.09461740380827544,0.35766500678586444,0.31249544753483494,-0.11073498894716455,0.4602218637035761,0.35399460210034395,-0.05881686916812707,0.4739376273660957,0.3001023065380155,-0.06263156320816468,0.12646764120036957,0.3083247223629344,0.22539203653904366,0.33648434748885675,0.3214671443464047,-0.021888401527807244,0.34261013120355877,0.3379311817835845,-0.04763225398490053,0.44649183129658265,0.4540792865221658,-0.07948521245996615,0.34850560758253696,0.3685803515686609,-0.09957950338760858,0.4471214308814808,0.39617389591487284,-0.04806419087575543,0.4577782495706937,0.34609379128751877,-0.04848028155234121,0.16788,0.27541,0.14281,0.1509,0.16788,0.04818,0.00964,0.00167,0.02993,0.10219,0.06861,0.07786,0.71533,0.1399,0.1545
8,intfloat/multilingual-e5-large-instruct,343.9236216545105,reports/runs/chem_patents/parts/intfloat-multilingual-e5-large-instruct/intfloat__multilingual-e5-large-instruct/baa7be480a7de1539afce709c8f13f833a510e0a,0.17762,0.17762,0.21046,0.27981,0.34307,0.1122,0.1148,0.11802,0.11941,0.12131,0.15187,0.16225,0.1798,0.19285,0.20663885992353143,0.32117,0.52555,0.98763,0.98936,0.97502,0.95299,0.95776,0.98876,0.99346,0.99777,,0.7857,0.06691,0.15328,0.81022,0.37956,0.24088,0.26277,0.06691,0.12131,0.10036,0.10639,0.15328467153284672,0.214288278175059,0.21562046874465995,0.21067423345224975,0.19464720194647203,0.1993917274939173,0.4704712881594472,0.38865051046723964,-0.15990795626135332,0.47054002256772437,0.38677433288007657,-0.1628095374563975,0.4824738661273916,0.39402335937544414,-0.1646585619269993,0.5854628462906687,0.5128032610264649,-0.24083015501753544,0.47386249312196876,0.3871179139375557,-0.16749974715761573,0.5288136352538159,0.4279086983092715,-0.17095910261007963,0.491271001209026,0.3905620395333304,-0.15881106467401881,0.43541929175277416,0.41806440907540326,-0.20289651250998844,0.4346952234976253,0.41746935871755775,-0.20286355673604028,0.43754236907739813,0.4216683405157242,-0.20379982975296643,0.5830573976203266,0.5093586497471907,-0.24881523616240955,0.4346564835348302,0.4130975618900647,-0.20931679656557706,0.4668364696468011,0.44964007204556034,-0.20087588348773164,0.45189762186287136,0.4374855275583855,-0.19327383907004056,0.38548883130996714,0.382521200432502,-0.11187169478736782,0.3774794061187301,0.35243171680736535,-0.143518735364518,0.4104120065697257,0.36908656231444714,-0.1682030634299814,0.5830573976203266,0.5093586497471907,-0.24881523616240955,0.38848074395147586,0.34366094139172204,-0.18028513855103068,0.4766040898217864,0.4217026194913951,-0.16882365155743154,0.43343602428960526,0.3799199590767055,-0.15036848577930792,0.17323426471803477,0.2854737151152154,0.11256250273810048,0.21677419853229127,0.2384245494232454,-0.04695140677508525,0.3107934768545802,0.3004819364263008,-0.13952478260817955,0.5830573976203266,0.5093586497471907,-0.24881523616240955,0.2498980150097552,0.22402256975708457,-0.16910327751678145,0.44182284964097546,0.3983943690275878,-0.1310629888355031,0.3588590239220476,0.3183191004616725,-0.09456817930500433,0.17223934564888913,0.3257112835518552,0.12247341304238234,0.18413014327516355,0.22496350309182872,-0.039369613570395756,0.27809209628453024,0.2677008778675906,-0.13281846686872573,0.5854628462906687,0.5128032610264649,-0.24083015501753544,0.20728783713873145,0.1925705548756485,-0.15833752733540485,0.41198922915845515,0.37221284159163204,-0.1274368206849899,0.3246581173612986,0.28795458035140337,-0.08870392901031014,0.15328,0.24312,0.12834,0.13759,0.15328,0.03869,0.00766,0.00151,0.02299,0.09002,0.06131,0.06691,0.66788,0.12409,0.14234
9,Alibaba-NLP/gte-multilingual-base,73.50681400299072,reports/runs/chem_patents/parts/alibaba-nlp-gte-multilingual-base/no_model_name__available/no_revision_available,0.00365,0.00365,0.00365,0.01095,0.01825,0.00182,0.00182,0.00203,0.00215,0.00232,0.00282,0.00282,0.00478,0.00629,0.0036496350364963502,0.0073,0.0438,0.71022,0.68796,0.65341,0.6223,0.76407,0.9663,0.34882,0.79256,,0.23983,0.0,0.0,0.20438,0.0073,0.0073,0.0073,0.0,0.00232,0.00182,0.00182,0.0,0.004494252078049744,0.00488212822137855,0.0036496350364963502,0.0036496350364963502,0.0036496350364963502,-0.3263588604738624,0.11797455033465187,-0.02511671597513915,-0.3539827139206511,0.11672074516441669,-0.02058486700853608,-0.41654899375567683,0.09724030803072195,-0.07172765436340726,nan,nan,nan,-0.41654899375567683,0.09724030803072195,-0.07172765436340726,-0.41654899375567683,0.09724030803072195,-0.07172765436340726,-0.41654899375567683,0.09724030803072195,-0.07172765436340726,-0.30848350773303246,0.11833660064455354,-0.0037703746469516476,-0.33493780901239123,0.11793558286508218,0.0013281481110609672,-0.41654899375567683,0.09724030803072195,-0.07172765436340726,nan,nan,nan,-0.41654899375567683,0.09724030803072195,-0.07172765436340726,-0.41654899375567683,0.09724030803072195,-0.07172765436340726,-0.41654899375567683,0.09724030803072195,-0.07172765436340726,0.0022491208196518766,0.14348714629130277,-0.05427715288278239,-0.21968252908748379,0.19028122994372576,0.078219323897839,-0.4165489937556767,0.09724030803072196,-0.07172765436340726,nan,nan,nan,-0.4165489937556767,0.09724030803072196,-0.07172765436340726,-0.4165489937556767,0.09724030803072196,-0.07172765436340726,-0.4165489937556767,0.09724030803072196,-0.07172765436340726,0.11056789501091588,0.13704348946584485,-0.08592988882301117,-0.13195531321919968,0.23977681710845516,0.15609879622621564,-0.41654899375567694,0.09724030803072176,-0.07172765436340729,nan,nan,nan,-0.41654899375567694,0.09724030803072176,-0.07172765436340729,-0.4165489937556769,0.09724030803072191,-0.0717276543634073,-0.41654899375567694,0.09724030803072176,-0.07172765436340729,0.09859989891928675,0.13732937301593687,-0.0963143462675477,-0.14816779175484826,0.24932673777734352,0.11281906308753528,-0.41654899375567683,0.09724030803072195,-0.07172765436340726,nan,nan,nan,-0.41654899375567683,0.09724030803072195,-0.07172765436340726,-0.41654899375567683,0.09724030803072195,-0.07172765436340726,-0.41654899375567683,0.09724030803072195,-0.07172765436340726,0.0,0.01675,0.00282,0.00282,0.0,0.00073,0.00044,0.00021,0.00036,0.00243,0.00146,0.0,0.09124,0.00365,0.00365
