model,short,degenerate_clir,clir_at_10,K_star,RRC_at_100,deep_100_to_1000,L_inf,identity_sum_100,ARI_at_100,RRC_at_Kstar,deep_Kstar_to_1000,identity_sum_Kstar,ARI_at_Kstar
google/embeddinggemma-300m,embeddinggemma,False,0.5413,5,0.7767,0.1508,0.0725,1.0,0.3248,0.5324,0.395,1.0,0.1551
BAAI/bge-m3,bge-m3,False,0.4644,3,0.7176,0.1794,0.1031,1.0,0.3649,0.4256,0.4714,1.0,0.1794
Qwen/Qwen3-Embedding-0.6B,qwen3-0.6B,False,0.4507,5,0.729,0.1775,0.0935,1.0,0.3451,0.4447,0.4618,1.0,0.1684
nomic-ai/nomic-embed-text-v2-moe,nomic-v2-moe,False,0.4095,2,0.687,0.1947,0.1183,1.0,0.3781,0.3302,0.5515,1.0,0.1766
ibm-granite/granite-embedding-278m-multilingual,granite-278m,False,0.3899,3,0.6679,0.1775,0.1546,1.0,0.4655,0.3454,0.5,1.0,0.2362
sentence-transformers/LaBSE,LaBSE,False,0.2708,75,0.563,0.2328,0.2042,1.0,0.4672,0.5229,0.2729,1.0,0.428
cambridgeltl/SapBERT-UMLS-2020AB-all-lang-from-XLMR,SapBERT,False,0.1972,150,0.4389,0.292,0.2691,1.0,0.4796,0.4714,0.2595,1.0,0.509
intfloat/multilingual-e5-large-instruct,e5-large-instruct,True,0.0945,30,0.3149,0.3607,0.3244,1.0,0.4735,0.1889,0.4866,1.0,0.4
Alibaba-NLP/gte-multilingual-base,gte-base,True,0.0,100,0.0019,0.0496,0.9485,1.0,0.9503,0.0019,0.0496,1.0,0.9503
